/*
PROJECT NAME: MelodyMetrics: Spotify Music Streaming Analysis
OBJECTIVE: To analyze user behavior, playlist compositions, and track durations across a normalized relational database.
TECHNIQUES USED: Schema Design (DDL), Multi-table Joins (4-way), Correlated Subqueries, Data Aggregation, and Complex Sorting.
*/

create database Spotify;

use Spotify;

CREATE TABLE Users (
  user_id INT PRIMARY KEY,
  username VARCHAR(50),
  email VARCHAR(100),
  password VARCHAR(100),
  registration_date DATE
);

CREATE TABLE Playlists (
  playlist_id INT PRIMARY KEY,
  playlist_name VARCHAR(100),
  user_id INT,
  created_at DATE,
  FOREIGN KEY (user_id) REFERENCES Users(user_id)
);

CREATE TABLE Tracks (
  track_id INT PRIMARY KEY,
  track_name VARCHAR(100),
  artist_name VARCHAR(100),
  album_name VARCHAR(100),
  duration INT,
  release_date DATE
);

CREATE TABLE PlaylistTracks (
  playlist_id INT,
  track_id INT,
  position INT,
  FOREIGN KEY (playlist_id) REFERENCES Playlists(playlist_id),
  FOREIGN KEY (track_id) REFERENCES Tracks(track_id)
);

INSERT INTO Users (user_id, username, email, password, registration_date)
VALUES
  (1, 'Riyan', 'Riyan@gmail.com', 'password123', '2022-01-10'),
  (2, 'Sanjay', 'Sanjay@yahoo.com', 'password456', '2022-02-15'),
  (3, 'Amit', 'Amit@gmail.com', 'password789', '2022-03-20'),
  (4, 'Sheetal', 'Sheetal@yahoo.com', 'password12', '2022-04-25'),
  (5, 'Maahir', 'Maahir@gmail.com', 'password34', '2022-05-30'),
  (6, 'Prayan', 'Prayan@gmail.com', 'password56', '2022-06-05'),
  (7, 'Samarth', 'Samarth@yahoo.com', 'password78', '2022-07-10'),
  (8, 'Briti', 'Briti@yahoo.com', 'password90', '2022-08-15'),
  (9, 'Aabheri', 'Aabheri@gmail.com', 'password123', '2022-09-20'),
  (10, 'Anvika', 'Anvika@yahoo.com', 'password12', '2022-10-25');

INSERT INTO Playlists (playlist_id, playlist_name, user_id, created_at)
VALUES
  (1, 'My Favorites', 1, '2022-01-15'),
  (2, 'Road Trip Mix', 2, '2022-02-20'),
  (3, 'Party Hits', 3, '2022-03-25'),
  (4, 'Relaxing Melodies', 4, '2022-04-30'),
  (5, 'Late Night Vibes', 5, '2022-05-05'),
  (6, 'Workout Pump', 6, '2022-06-10'),
  (7, 'Chill Beats', 7, '2022-07-15'),
  (8, 'Study Jams', 8, '2022-08-20'),
  (9, 'Throwback Tunes', 9, '2022-09-25'),
  (10, 'Weekend Grooves', 10, '2022-10-30');

INSERT INTO Tracks (track_id, track_name, artist_name, album_name, duration, release_date)
VALUES
  (1, 'Shape of You', 'Ed Sheeran', '÷ (Divide)', 233, '2017-01-06'),
  (2, 'Blinding Lights', 'The Weeknd', 'After Hours', 200, '2019-11-29'),
  (3, 'Dance Monkey', 'Tones and I', 'The Kids Are Coming', 209, '2019-08-29'),
  (4, 'Bad Guy', 'Billie Eilish', 'When We All Fall Asleep, Where Do We Go?', 194, '2019-03-29'),
  (5, 'Rockstar', 'Post Malone ft. 21 Savage', 'Beerbongs & Bentleys', 218, '2017-09-15'),
  (6, 'Happier', 'Ed Sheeran', '÷ (Divide)', 207, '2017-01-06'),
  (7, 'Save Your Tears', 'The Weeknd', 'After Hours', 223, '2019-11-29'),
  (8, 'Never Seen the Rain', 'Tones and I', 'The Kids Are Coming', 186, '2019-08-29'),
  (9, "When the Party's Over", 'Billie Eilish', 'When We All Fall Asleep', 194, '2019-03-29'),
  (10, 'Circles', 'Post Malone', "Hollywood's Bleeding", 215, '2019-09-03'),
  (11, 'Thinking Out Loud', 'Ed Sheeran', 'x', 281, '2014-06-20'),
  (12, "Can't Feel My Fac", 'The Weeknd', 'Beauty Behind the Madness', 213, '2015-06-08'),
  (13, 'Dance Monkey', 'Tones and I', 'The Kids Are Coming', 209, '2019-08-29'),
  (14, 'Ocean Eyes', 'Billie Eilish', "Don't Smile at Me", 180, '2016-11-18'),
  (15, 'Sunflower', 'Post Malone ft. Swae Lee', 'Spider-Man: Into the Spider-Verse', 158, '2018-10-18'),
  (16, 'Photograph', 'Ed Sheeran', 'x', 258, '2014-06-20'),
  (17, 'Starboy', 'The Weeknd ft. Daft Punk', 'Starboy', 230, '2016-11-24'),
  (18, 'Dance Monkey', 'Tones and I', 'The Kids Are Coming', 209, '2019-08-29'),
  (19, 'Lovely', 'Billie Eilish ft. Khalid', '13 Reasons Why (Season 2)', 200, '2018-04-19'),
  (20, 'Better Now', 'Post Malone', 'Beerbongs & Bentleys', 231, '2018-04-27');

  
INSERT INTO PlaylistTracks (playlist_id, track_id, position)
VALUES
  (1, 1, 1),
  (1, 2, 2),
  (1, 3, 3),
  (1, 11, 4),
  (1, 13, 5),
  (2, 4, 1),
  (2, 5, 2),
  (2, 12, 3),
  (2, 14, 4),
  (3, 1, 1),
  (3, 3, 2),
  (3, 5, 3),
  (4, 2, 1),
  (4, 4, 2),
  (5, 1, 1),
  (5, 3, 2),
  (5, 5, 3),
  (5, 15, 4),
  (5, 16, 5),
  (5, 17, 6),
  (6, 2, 1),
  (6, 4, 2),
  (7, 1, 1),
  (7, 5, 2),
  (7, 18, 3),
  (8, 3, 1),
  (8, 4, 2),
  (9, 1, 1),
  (9, 2, 2),
  (9, 3, 3),
  (9, 4, 4),
  (9, 5, 5),
  (9, 19, 6),
  (9, 20, 7),
  (10, 1, 1),
  (10, 3, 2),
  (10, 5, 3);

select * from users;
select * from Playlists;
select * from Tracks;
select * from PlaylistTracks;

-- Basic Level

-- 1. Find all the distinct album names.

select distinct(album_name) from Tracks;

-- 2. Who is the artist of song 'Never Seen the Rain'?

select artist_name from Tracks
where track_name = "Never Seen the Rain";

-- 3. Name all the user & email, who have registered with gmail id.

select username,email from users
where email like "%@gmail.com";

-- 4. List the name of users along with registration dates, who have registered after April-22.

select username,registration_date from users
where month(registration_date) > 4;

SELECT username, registration_date
FROM Users
WHERE registration_date > '2022-04-30';

-- 5. Extract the name of tracks, artists, albums and release dates for tracks released in year 2017

select track_name,artist_name,album_name,release_date from Tracks
where year(release_date) = 2017;

-- 6. Find the details of the users who have registed in between may and august.

select * from users
where month(registration_date) between 5 and 8;

SELECT *
FROM Users
WHERE registration_date BETWEEN '2022-05-01' AND '2022-08-31';

-- 7. Count the number of playlists created by each user.

select u.user_id,u.username,count(p.playlist_name) from users u left join Playlists p on u.user_id = p.user_id
group by u.user_id,u.username;

-- 8. Find the track names and their durations for a specific album in the Tracks table.

select track_name,duration,album_name from Tracks
where album_name = "X";

-- 9. Calculate the average duration of tracks in the Tracks table.

select avg(duration) from Tracks;

-- 10. How many users have registered with yahoo.com id?

select count(*) from users
where email like "%yahoo.com";

-- INTERMEDIATE LEVEL

-- 1. Find the playlist names and the number of tracks in each playlist created by 
--    users whose email addresses end with '@gmail.com'.

select p.playlist_name,count(t.track_name) 
from PlaylistTracks pt join playlists p on p.playlist_id = pt.playlist_id
join Tracks t on t.track_id = pt.track_id
join users u on u.user_id = p.user_id
where u.email like "%@gmail.com"
group by p.playlist_name;

-- 2. Write a query to retrieve the usernames and email addresses of users who have created 
--    playlists with more than 5 tracks and an average track duration greater than 200 seconds.

select username,email from 
users u join Playlists p on p.user_id = u.user_id
join PlaylistTracks pt on pt.Playlist_id = p.Playlist_id
join Tracks t on t.track_id = pt.track_id 
GROUP BY u.user_id, u.username, u.email
HAVING COUNT(t.track_id) > 5 AND AVG(t.duration) > 200;

-- 3. Find the track and artist names of the tracks that have a duration greater than 
--    the average duration of all tracks in the 'Tracks' table.

select track_name,artist_name,avg(duration) from Tracks
where duration > (select avg(duration) from Tracks)
group by track_name,artist_name;

-- 4. Find the users who have created playlists with tracks from all albums released in a specific year.

select distinct username from users u join playlists p on p.user_id = u. user_id
join PlaylistTracks pt on pt.playlist_id = p.playlist_id
join Tracks t on t.track_id = pt.track_id
WHERE YEAR(t.release_date) = 2019;

-- 5. Name of playlist and their total durations, sorted by the number of tracks in descending order.

select p.playlist_name,sum(t.duration) from PlaylistTracks pt
join playlists p  on pt.playlist_id = p.playlist_id
join Tracks t  on pt.Track_id = t.Track_id
group by p.playlist_name
order by count(pt.Track_id) desc;

-- 6. Find the playlists that have tracks with a duration longer than the average duration of all tracks.

select distinct(p.Playlist_name) from PlaylistTracks pt join Playlists p on pt.Playlist_id = p.Playlist_id
join Tracks t on pt.track_id = pt.track_id
where duration > (select avg(duration) from Tracks); 

-- 7. Find the top 3 playlists with the most tracks.

select playlist_name,count(pt.track_id) from playlists p join playlisttracks pt on p.playlist_id = pt.playlist_id
group by  pt.playlist_id
order by count(pt.track_id) desc limit 3;

-- 8. Calculate the average track duration for each user and display the results in descending order.

select u.username,avg(t.duration) from PlaylistTracks pt join Tracks t on pt.Track_id = t.Track_id
join Playlists p on pt.Playlist_id = p.Playlist_id
right join users u on p.user_id = u.user_id
group by u.username
order by avg(t.duration) desc;

-- 9. Find the track names and artist names of the tracks that are included in at least two different playlists.

select t.track_name,t.artist_name from Tracks t join PlaylistTracks pt on t.track_id = pt.track_id
group by t.track_id
having count(pt.playlist_id) >= 2;


-- 10. Find the playlist names and the total duration of each playlist. Include only the 
--     playlists created by users who registered in the year 2022.

select p.playlist_name,sum(t.duration) from PlaylistTracks 
pt join Playlists p on pt.Playlist_id = p.Playlist_id
join tracks t on pt.track_id = t.track_id
join users u on u.user_id = p.user_id
where year(u.registration_date) = 2022
group by p.playlist_name;

-- ADVANCED LEVEL

-- 1. Find the track names and artist names of the tracks that are included in playlists 
--    created by users who registered before the average registration date of all users.

select distinct t.track_name,t.artist_name 
from PlaylistTracks pt join tracks t on pt.track_id = t.track_id 
join playlists p on p.playlist_id = pt.playlist_id
join users u on u.user_id = p.user_id
where registration_date < (select avg(registration_date) from users);

-- 2. Use subquery to retrieve the names of users who have created playlists containing tracks 
--    from both the album 'After Hours' by The Weeknd and the album 
--    'When We All Fall Asleep, Where Do We Go?' by Billie Eilish.

select distinct u.username
from PlaylistTracks pt join tracks t on pt.track_id = t.track_id 
join playlists p on p.playlist_id = pt.playlist_id
join users u on u.user_id = p.user_id
where t.album_name in ("After Hours","When We All Fall Asleep, Where Do We Go?")
group by u.username
having count(distinct t.album_name) = 2;

-- 3. Write a SQL query to extract the name of top 3 users with the highest average track duration for their playlists.

select u.username,avg(t.duration)
from PlaylistTracks pt join tracks t on pt.track_id = t.track_id 
join playlists p on p.playlist_id = pt.playlist_id
join users u on u.user_id = p.user_id
group by u.username
order by avg(t.duration) desc
limit 3;

-- 4. Find the tracks that have a duration greater than the average duration of all 
--    tracks and rank them within their respective albums.

select t.track_name,t.duration,pt.position from tracks t join PlaylistTracks pt on t.track_id = pt.track_id
where duration > (select avg(duration) from tracks);

SELECT track_name, album_name, duration,
RANK() OVER (PARTITION BY album_name ORDER BY duration DESC) AS rank_in_album
FROM Tracks
WHERE duration > (SELECT AVG(duration) FROM Tracks);

-- 5. Name the playlists along with the total number of tracks and the rank of the playlist based on the number of tracks.

-- 6. Find the users who have created playlists with the highest number of tracks from a specific artist.

select u.username,count(pt.track_id)
from PlaylistTracks pt join tracks t on pt.track_id = t.track_id 
join playlists p on p.playlist_id = pt.playlist_id
join users u on u.user_id = p.user_id
group by u.username;
having count(pt.track_id);

-- 7. Write a SQL query to retrieve the top most users who have created playlists with the 
--    highest number of unique tracks from a specific artist.

select u.username,t.artist_name,count(t.artist_name)
from PlaylistTracks pt join tracks t on pt.track_id = t.track_id 
join playlists p on p.playlist_id = pt.playlist_id
join users u on u.user_id = p.user_id
group by u.username,t.artist_name;

SELECT u.username, COUNT(DISTINCT t.track_id) AS unique_tracks
FROM Users u
JOIN Playlists p ON u.user_id = p.user_id
JOIN PlaylistTracks pt ON p.playlist_id = pt.playlist_id
JOIN Tracks t ON pt.track_id = t.track_id
WHERE t.artist_name = 'Ed Sheeran'
GROUP BY u.username
ORDER BY unique_tracks desc;

-- 8. Find the tracks that have a duration greater than the average duration of all tracks in their respective albums.

select track_name,album_name,duration from tracks
where duration > (select avg(duration) from tracks);

select * from Tracks;

select album_name,avg(duration) from tracks
group by album_name;

SELECT track_name, album_name, duration
FROM Tracks t1
WHERE duration > (
SELECT AVG(duration)
FROM Tracks t2
WHERE t1.album_name = t2.album_name
);

select track_name,album_name,duration from tracks t1
where duration > (select avg(duration) from tracks t2 where t1.album_name = t2.album_name);

-- 9. Find name of the playlists along with the user who created them, sorted by the 
--    number of tracks in descending order and the username in ascending order.

select playlist_name,u.username,count(pt.track_id) from 
playlists p join users u on p.user_id = u.user_id
join PlaylistTracks pt on pt.playlist_id = p.playlist_id
group by playlist_name,u.username
order by count(pt.track_id) desc,u.username;

-- 10. Write a SQL query to retrieve the playlists along with the user who created them, and 
--     the position of the track with the longest duration within each playlist.

select playlist_name,u.username,pt.position from 
playlists p join users u on p.user_id = u.user_id
join PlaylistTracks pt on pt.playlist_id = p.playlist_id
join tracks t on t.track_id = pt.track_id
where t.duration = (select max(duration) from tracks t2 
join PlaylistTracks pt2 ON t2.track_id = pt2.track_id
where pt2.playlist_id = p.playlist_id);
